{
    "Profiles": [
        {
            "Name": "Mattia",
            "Guid": "0AC14B5B-7EB0-4079-B5A3-B8A549BDBEA1",
            "Description": "Mattia's dynamic profile",
            "Ansi 5 Color": {
                "Green Component": 0,
                "Red Component": 0.58431372549019611,
                "Blue Component": 0.58431372549019611
            },
            "Tags": [
                "Dynamic"
            ],
            "Ansi 12 Color": {
                "Green Component": 0.35294117647058826,
                "Red Component": 0.18431372549019609,
                "Blue Component": 0.95294117647058818
            },
            "Use Non-ASCII Font": false,
            "Ansi 6 Color": {
                "Green Component": 0.58431372549019611,
                "Red Component": 0.24705882352941178,
                "Blue Component": 0.22745098039215686
            },
            "Bold Color": {
                "Green Component": 0,
                "Red Component": 0,
                "Blue Component": 0
            },
            "Normal Font": "Monaco 14",
            "Link Color": {
                "Red Component": 0,
                "Color Space": "sRGB",
                "Blue Component": 0.73423302173614502,
                "Alpha Component": 1,
                "Green Component": 0.35916060209274292
            },
            "Rows": 25,
            "Default Bookmark": "No",
            "Ansi 2 Color": {
                "Green Component": 0.58431372549019611,
                "Red Component": 0.24705882352941178,
                "Blue Component": 0.22745098039215686
            },
            "AWDS Tab Option": "No",
            "Cursor Guide Color": {
                "Red Component": 0.70213186740875244,
                "Color Space": "sRGB",
                "Blue Component": 1,
                "Alpha Component": 0.25,
                "Green Component": 0.9268307089805603
            },
            "Non-ASCII Anti Aliased": true,
            "Use Bright Bold": true,
            "Ansi 10 Color": {
                "Green Component": 0.58431372549019611,
                "Red Component": 0.24705882352941178,
                "Blue Component": 0.22745098039215686
            },
            "Ambiguous Double Width": false,
            "AWDS Pane Option": "Recycle",
            "Jobs to Ignore": [
                "rlogin",
                "ssh",
                "slogin",
                "telnet"
            ],
            "Ansi 15 Color": {
                "Green Component": 1,
                "Red Component": 1,
                "Blue Component": 1
            },
            "Foreground Color": {
                "Green Component": 0.17254901960784313,
                "Red Component": 0.16470588235294117,
                "Blue Component": 0.20000000000000001
            },
            "Working Directory": "\/Users\/mattia.cattarinussi",
            "Blinking Cursor": false,
            "AWDS Window Option": "No",
            "Sync Title": false,
            "Prompt Before Closing 2": false,
            "BM Growl": true,
            "Command": "",
            "AWDS Pane Directory": "",
            "Dynamic Profile Filename": "\/Users\/mattia.cattarinussi\/Library\/Application Support\/iTerm2\/DynamicProfiles\/iterm2Profiles.json",
            "Screen": -1,
            "Selection Color": {
                "Green Component": 0.92941176470588238,
                "Red Component": 0.92941176470588238,
                "Blue Component": 0.92941176470588238
            },
            "Disable Window Resizing": true,
            "AWDS Window Directory": "",
            "Columns": 80,
            "Idle Code": 0,
            "Mouse Reporting": true,
            "Ansi 13 Color": {
                "Green Component": 0,
                "Red Component": 0.62745098039215685,
                "Blue Component": 0.58431372549019611
            },
            "Custom Command": "No",
            "ASCII Anti Aliased": true,
            "Non Ascii Font": "Monaco 12",
            "Vertical Spacing": 1,
            "Use Bold Font": true,
            "Option Key Sends": 0,
            "Selected Text Color": {
                "Green Component": 0.17254901960784313,
                "Red Component": 0.16470588235294117,
                "Blue Component": 0.20000000000000001
            },
            "Background Color": {
                "Green Component": 0.97647058823529409,
                "Red Component": 0.97647058823529409,
                "Blue Component": 0.97647058823529409
            },
            "Character Encoding": 4,
            "Ansi 11 Color": {
                "Red Component": 0.95686274509803926,
                "Color Space": "sRGB",
                "Blue Component": 0.0039215686274509803,
                "Alpha Component": 1,
                "Green Component": 0.59607843137254901
            },
            "Use Italic Font": true,
            "Unlimited Scrollback": false,
            "Keyboard Map": {
                "0xf700-0x260000": {
                    "Action": 10,
                    "Text": "[1;6A"
                },
                "0x37-0x40000": {
                    "Action": 11,
                    "Text": "0x1f"
                },
                "0x32-0x40000": {
                    "Action": 11,
                    "Text": "0x00"
                },
                "0xf709-0x20000": {
                    "Action": 10,
                    "Text": "[17;2~"
                },
                "0xf70c-0x20000": {
                    "Action": 10,
                    "Text": "[20;2~"
                },
                "0xf729-0x20000": {
                    "Action": 10,
                    "Text": "[1;2H"
                },
                "0xf72b-0x40000": {
                    "Action": 10,
                    "Text": "[1;5F"
                },
                "0xf705-0x20000": {
                    "Action": 10,
                    "Text": "[1;2Q"
                },
                "0xf703-0x260000": {
                    "Action": 10,
                    "Text": "[1;6C"
                },
                "0xf700-0x220000": {
                    "Action": 10,
                    "Text": "[1;2A"
                },
                "0xf701-0x280000": {
                    "Action": 11,
                    "Text": "0x1b 0x1b 0x5b 0x42"
                },
                "0x38-0x40000": {
                    "Action": 11,
                    "Text": "0x7f"
                },
                "0x33-0x40000": {
                    "Action": 11,
                    "Text": "0x1b"
                },
                "0xf703-0x220000": {
                    "Action": 10,
                    "Text": "[1;2C"
                },
                "0xf701-0x240000": {
                    "Action": 10,
                    "Text": "[1;5B"
                },
                "0xf70d-0x20000": {
                    "Action": 10,
                    "Text": "[21;2~"
                },
                "0xf702-0x260000": {
                    "Action": 10,
                    "Text": "[1;6D"
                },
                "0xf729-0x40000": {
                    "Action": 10,
                    "Text": "[1;5H"
                },
                "0xf706-0x20000": {
                    "Action": 10,
                    "Text": "[1;2R"
                },
                "0x34-0x40000": {
                    "Action": 11,
                    "Text": "0x1c"
                },
                "0xf700-0x280000": {
                    "Action": 11,
                    "Text": "0x1b 0x1b 0x5b 0x41"
                },
                "0x2d-0x40000": {
                    "Action": 11,
                    "Text": "0x1f"
                },
                "0xf70e-0x20000": {
                    "Action": 10,
                    "Text": "[23;2~"
                },
                "0xf702-0x220000": {
                    "Action": 10,